list,rank,created_date,impressions,engagement_count,clicks,likes,comments,reposts,follows,engagement_rate,opening_line,post_link
top_impressions,1,05/15/2026,516,0,0,0,0,0,0,0,Patient rights complaints usually start with a process gap.,https://www.linkedin.com/feed/update/urn:li:activity:7460843142368354304
top_impressions,2,05/07/2026,257,0,0,0,0,0,0,0,Offboarding is a clinic handoff with PHI risk attached.,https://www.linkedin.com/feed/update/urn:li:activity:7458248041884442626
top_impressions,3,05/16/2026,235,2,1,1,0,0,0,0.008510638028,The end-of-day close is a HIPAA routine.,https://www.linkedin.com/feed/update/urn:li:activity:7461493931688624129
top_impressions,4,05/15/2026,214,0,0,0,0,0,0,0,An incident should not close before the related policy question is asked.,https://www.linkedin.com/feed/update/urn:li:activity:7461067620260347905
top_impressions,5,05/12/2026,205,1,1,0,0,0,0,0.004878048785,Flexibility is not always a virtue.,https://www.linkedin.com/feed/update/urn:li:activity:7459996817045389312
top_impressions,6,05/13/2026,179,0,0,0,0,0,0,0,"Urgent care access reviews should follow the schedule, not the org chart.",https://www.linkedin.com/feed/update/urn:li:activity:7460436713593585664
top_impressions,7,05/06/2026,176,0,0,0,0,0,0,0,Administrative safeguards are where small-clinic HIPAA programs usually become real.,https://www.linkedin.com/feed/update/urn:li:activity:7457730926362636288
top_impressions,8,05/10/2026,145,1,0,1,0,0,0,0.006896551698,Access reviews are full of tempting details.,https://www.linkedin.com/feed/update/urn:li:activity:7459298968406204416
top_impressions,9,05/09/2026,143,1,0,1,0,0,0,0.006993006915,Risk findings should not live as vague notes from last year's meeting.,https://www.linkedin.com/feed/update/urn:li:activity:7458838182672023552
top_impressions,10,05/13/2026,137,2,1,1,0,0,0,0.01459854003,Dermatology vendor review should start with photos and pathology.,https://www.linkedin.com/feed/update/urn:li:activity:7460403243781672961
top_engagement_count,1,05/16/2026,26,3,0,1,2,0,0,0.115384615958,Shared logins are not a small-clinic shortcut.,https://www.linkedin.com/feed/update/urn:li:activity:7461372630374363136
top_engagement_count,2,05/12/2026,62,3,0,1,2,0,0,0.048387095332,"Asana, ClickUp, Trello, Notion, Airtable, and Monday.com can all be useful.",https://www.linkedin.com/feed/update/urn:li:activity:7460104525123612672
top_engagement_count,3,05/16/2026,30,2,0,2,0,0,0,0.066666670144,The cleaning crew can become a HIPAA question.,https://www.linkedin.com/feed/update/urn:li:activity:7461507521032130561
top_engagement_count,4,05/16/2026,235,2,1,1,0,0,0,0.008510638028,The end-of-day close is a HIPAA routine.,https://www.linkedin.com/feed/update/urn:li:activity:7461493931688624129
top_engagement_count,5,05/13/2026,137,2,1,1,0,0,0,0.01459854003,Dermatology vendor review should start with photos and pathology.,https://www.linkedin.com/feed/update/urn:li:activity:7460403243781672961
top_engagement_count,6,05/17/2026,56,1,1,0,0,0,0,0.017857143655,"""Runs on legacy cloud provider"" is not a HIPAA control.",https://www.linkedin.com/feed/update/urn:li:activity:7461853299416154112
top_engagement_count,7,05/17/2026,32,1,1,0,0,0,0,0.03125,An old BAA does not automatically answer a new AI question.,https://www.linkedin.com/feed/update/urn:li:activity:7461731998722711552
top_engagement_count,8,05/17/2026,134,1,1,0,0,0,0,0.007462686393,Incident response starts before the incident.,https://www.linkedin.com/feed/update/urn:li:activity:7461568171146145792
top_engagement_count,9,05/16/2026,41,1,0,1,0,0,0,0.024390242994,Annual HIPAA training does not prove staff are operating securely today.,https://www.linkedin.com/feed/update/urn:li:activity:7461554581257310208
top_engagement_count,10,05/16/2026,28,1,0,1,0,0,0,0.035714287311,Audit readiness is mostly retrieval speed.,https://www.linkedin.com/feed/update/urn:li:activity:7461534699769753600
